{
  "pm25": {
    "persistence": {
      "mae": 10.700273707645053,
      "rmse": 25.710247646187117
    },
    "seasonal": {
      "mae": 9.156750047246303,
      "rmse": 22.92855193227362
    }
  },
  "o3": {
    "persistence": {
      "mae": 10.100015823542703,
      "rmse": 12.81140488864834
    },
    "seasonal": {
      "mae": 5.001857425999467,
      "rmse": 7.291818137244264
    }
  },
  "no2": {
    "persistence": {
      "mae": 11.250276379472796,
      "rmse": 19.944008909829208
    },
    "seasonal": {
      "mae": 9.57458834564182,
      "rmse": 17.618742361193835
    }
  }
}